City_ID,City,Lat,Lng,Max Temp,Humidity,Cloudiness,Wind Speed,Country,Date
0,waitangi,-43.9535,-176.5597,14.34,83,100,2.24,NZ,1683385425
1,arkhangel'sk,64.5401,40.5433,1.71,59,100,3.5,RU,1683385275
2,wailua homesteads,22.0669,-159.378,22.44,81,100,7.2,US,1683385426
3,puerto ayora,-0.7393,-90.3518,29.98,92,58,3.13,EC,1683385113
4,tianpeng,30.9866,103.9393,21.26,73,100,3.12,CN,1683385427
5,port elizabeth,-33.918,25.5701,20.16,87,20,12.35,ZA,1683385268
6,holualoa,19.6228,-155.9522,20.43,82,91,2.24,US,1683385428
7,kayangel,8.0823,134.7173,28.06,77,81,0.9,PW,1683385429
8,grytviken,-54.2811,-36.5092,3.8,97,100,5.9,GS,1683385429
9,invercargill,-46.4,168.35,8.34,95,16,1.34,NZ,1683385406
10,thompson,55.7435,-97.8558,8.09,66,75,1.54,CA,1683385146
11,champerico,14.3,-91.9167,32.3,65,78,2.51,GT,1683385431
12,baiti,13.745,-14.7482,40.93,11,21,2.78,SN,1683385432
13,edinburgh of the seven seas,-37.0676,-12.3116,15.66,80,99,11.03,SH,1683385432
14,calderitas,18.55,-88.25,29.06,70,75,7.72,MX,1683385433
15,broken hill,-31.95,141.4333,8.3,64,8,6.34,AU,1683385352
16,yelizovo,53.1873,158.3805,0.08,100,75,1.0,RU,1683385434
17,port lincoln,-34.7333,135.8667,13.06,55,57,4.81,AU,1683385434
18,guerrero negro,27.9769,-114.0611,15.79,68,94,7.77,MX,1683385309
19,pakxan,18.3778,103.6601,34.96,40,38,0.39,LA,1683385435
20,kodiak,57.79,-152.4072,3.42,91,100,1.9,US,1683385436
21,port mathurin,-19.6833,63.4167,26.04,76,13,7.68,MU,1683385436
22,alofi,-19.0595,-169.9187,22.94,94,100,1.03,NU,1683385437
23,qaqortoq,60.7167,-46.0333,3.84,65,10,2.36,GL,1683385437
24,avarua,-21.2078,-159.775,25.03,100,75,1.03,CK,1683385438
25,jamestown,42.097,-79.2353,17.23,52,0,0.89,US,1683385346
26,tostado,-29.232,-61.7692,20.55,60,0,3.09,AR,1683385439
27,mount isa,-20.7333,139.5,20.87,30,11,8.23,AU,1683385376
28,sao joao da barra,-21.6403,-41.0511,27.05,68,2,2.53,BR,1683385440
29,bilibino,68.0546,166.4372,-6.45,97,100,1.05,RU,1683385441
30,port-aux-francais,-49.35,70.2167,4.44,61,55,13.66,TF,1683385441
31,rio grande,-32.035,-52.0986,21.06,91,100,5.11,BR,1683385443
32,albany,42.6001,-73.9662,17.96,54,5,0.89,US,1683385258
33,fort mcmurray,56.7268,-111.381,10.77,53,0,6.17,CA,1683385213
34,bandarbeyla,9.4942,50.8122,31.28,64,100,8.87,SO,1683385445
35,fort bragg,35.139,-79.006,24.55,60,0,0.89,US,1683385206
36,bardsir,29.9227,56.5743,22.64,11,0,5.45,IR,1683385447
37,am timan,11.0297,20.2827,41.3,9,45,0.65,TD,1683385448
38,luau,-10.7073,22.2247,27.72,52,10,0.83,AO,1683385448
39,papatowai,-46.5619,169.4708,9.23,95,27,2.34,NZ,1683385449
40,iqaluit,63.7506,-68.5145,-1.15,80,75,11.32,CA,1683385450
41,puerto natales,-51.7236,-72.4875,8.25,53,20,7.72,CL,1683385330
42,longyearbyen,78.2186,15.6401,-1.09,80,75,0.0,SJ,1683385396
43,cedarburg,43.2967,-87.9876,13.52,77,100,4.12,US,1683385452
44,maloye ganyushkino,46.6,49.2667,21.39,42,1,1.97,KZ,1683385453
45,nizhnesortymskiy,62.4397,71.7603,3.48,100,100,4.45,RU,1683385454
46,susuman,62.7833,148.1667,-7.11,88,12,0.76,RU,1683385454
47,monrovia,6.3005,-10.7969,31.87,68,91,4.48,LR,1683385214
48,nemuro,43.3236,145.575,2.79,82,100,4.48,JP,1683385456
49,bredasdorp,-34.5322,20.0403,20.05,55,69,5.2,ZA,1683385456
50,arraial do cabo,-22.9661,-42.0278,25.98,73,40,2.57,BR,1683385292
51,ribeira grande,38.5167,-28.7,18.22,94,75,5.14,PT,1683385458
52,sangkhla buri,15.1555,98.4536,25.47,78,25,0.35,TH,1683385459
53,malanje,-9.5402,16.341,23.52,75,100,0.1,AO,1683385459
54,hasaki,35.7333,140.8333,22.38,72,94,12.9,JP,1683385315
55,chonchi,-42.6128,-73.8092,12.84,77,48,1.34,CL,1683385461
56,kurayoshi,35.4333,133.8167,16.99,99,100,2.87,JP,1683385461
57,sai buri,6.7013,101.6168,27.42,80,100,0.64,TH,1683385462
58,nebraska city,40.6767,-95.8592,18.24,88,100,6.17,US,1683385379
59,kingston,17.997,-76.7936,32.36,62,20,2.57,JM,1683385367
60,badger,64.8,-147.5333,4.84,65,75,1.54,US,1683385464
61,bethel,41.3712,-73.414,19.31,53,0,4.63,US,1683385465
62,vernon,50.2581,-119.2691,12.64,88,100,2.68,CA,1683385445
63,vilyuchinsk,52.9306,158.4028,0.15,94,100,2.64,RU,1683385466
64,utrik,11.2278,169.8474,27.08,78,8,7.79,MH,1683385467
65,whitehorse,60.7161,-135.0538,4.89,81,75,5.66,CA,1683385322
66,kuusamo,65.9667,29.1833,5.02,36,0,3.6,FI,1683385468
67,tiksi,71.6872,128.8694,-15.52,98,89,1.91,RU,1683385470
68,quellon,-43.1167,-73.6167,10.14,100,100,1.03,CL,1683385330
69,yellowknife,62.456,-114.3525,14.29,44,20,10.29,CA,1683385471
70,usinsk,65.9939,57.5281,-1.61,81,100,7.99,RU,1683385472
71,tucupita,9.0622,-62.051,31.55,49,73,2.88,VE,1683385472
72,blackmans bay,-43.0167,147.3167,3.74,84,2,2.59,AU,1683385473
73,arno,60.1167,18.6333,4.32,50,38,4.3,SE,1683385474
74,minas de marcona,-15.2119,-75.1103,19.64,65,60,3.87,PE,1683385474
75,st. john's,47.5649,-52.7093,5.44,91,100,7.2,CA,1683385204
76,shiguai,40.7058,110.2856,9.73,41,99,2.7,CN,1683385476
77,khabarovsk,48.4808,135.0928,7.89,56,0,2.0,RU,1683385204
78,shache,38.4167,77.2406,14.19,30,100,2.51,CN,1683385433
79,polyarnyy,69.1989,33.4478,1.7,96,98,3.32,RU,1683385478
80,fortuna,40.5982,-124.1573,9.96,95,63,0.94,US,1683385272
81,kamenka,51.3223,42.7678,10.34,57,84,4.84,RU,1683385479
82,saint-joseph,-21.3667,55.6167,24.21,85,32,4.79,RE,1683385480
83,colonia,50.9333,6.95,21.09,76,75,4.63,DE,1683385210
84,ballina,-28.8667,153.5667,17.2,80,93,3.34,AU,1683385481
85,adamstown,-25.066,-130.1015,22.94,78,100,5.35,PN,1683385482
86,jinjing,24.575,118.5972,25.12,98,100,1.74,CN,1683385482
87,port-vila,-17.7338,168.3219,25.57,80,0,2.1,VU,1683385253
88,remire-montjoly,4.9167,-52.2667,30.02,70,75,7.2,GF,1683385483
89,klaksvik,62.2266,-6.589,8.51,98,100,7.36,FO,1683385484
90,dudinka,69.4058,86.1778,-17.07,100,14,1.5,RU,1683385484
91,punta arenas,-53.15,-70.9167,7.06,70,20,9.26,CL,1683385485
92,tambopata,-12.7333,-69.1833,24.94,88,100,2.06,PE,1683385485
93,cacapava do sul,-30.5122,-53.4914,19.91,93,100,1.96,BR,1683385486
94,paciran,-6.8767,112.3761,27.35,83,58,1.55,ID,1683385487
95,hebi,35.8992,114.1925,13.27,55,100,3.49,CN,1683385488
96,mountain home,43.133,-115.6912,8.41,85,0,2.68,US,1683385434
97,anadyr,64.75,177.4833,-2.72,80,20,4.0,RU,1683385478
98,horta,38.5333,-28.6333,17.8,94,75,7.15,PT,1683385489
99,olonkinbyen,70.9221,-8.7187,0.1,99,100,2.44,SJ,1683385490
100,guatrache,-37.6678,-63.5302,18.27,29,83,3.97,AR,1683385490
101,klyuchi,52.2667,79.1667,18.71,21,14,1.82,RU,1683385491
102,puerto aysen,-45.4,-72.7,11.15,99,100,1.96,CL,1683385491
103,vieira de leiria,39.8695,-8.9324,25.47,60,40,4.12,PT,1683385492
104,lobva,59.1854,60.5185,17.05,34,100,4.28,RU,1683385492
105,sihanoukville,10.6093,103.5296,29.97,84,40,3.09,KH,1683385493
106,ushuaia,-54.8,-68.3,6.79,75,40,6.17,AR,1683385493
107,boca suno,-0.7167,-77.1333,25.77,75,100,0.79,EC,1683385288
108,itoman,26.1247,127.6694,25.22,94,75,6.69,JP,1683385495
109,kiunga,-6.1219,141.2906,23.36,99,100,0.86,PG,1683385495
110,lihue,21.9789,-159.3672,22.77,82,100,6.69,US,1683385496
111,atafu village,-8.5421,-172.5159,28.66,76,2,6.03,TK,1683385497
112,boyabat,41.4689,34.7667,14.88,89,80,2.29,TR,1683385497
113,capinota,-17.7167,-66.2333,15.67,47,82,2.51,BO,1683385498
114,cabo san lucas,22.8909,-109.9124,25.61,48,75,4.12,MX,1683385483
115,ilulissat,69.2167,-51.1,-0.99,100,75,2.06,GL,1683385499
116,yarmouth,41.7057,-70.2286,21.19,54,0,4.12,US,1683385500
117,ad dabbah,18.05,30.95,41.59,5,35,4.93,SD,1683385500
118,bubaque,11.2833,-15.8333,25.84,80,62,4.27,GW,1683385501
119,nikolayevsk-on-amure,53.1406,140.73,-0.8,90,96,0.69,RU,1683385502
120,tsiombe,-25.3,45.4833,21.7,82,49,2.71,MG,1683385503
121,mirabela,-16.2628,-44.1644,28.58,32,0,3.06,BR,1683385503
122,sanga-sanga,5.0725,119.7853,27.99,76,100,1.97,PH,1683385510
123,al jawf,29.5,38.75,33.38,7,2,12.01,SA,1683385510
124,nuuk,64.1835,-51.7216,0.34,93,75,9.77,GL,1683385512
125,hamilton,39.1834,-84.5333,20.4,58,100,3.6,US,1683385513
126,new plymouth,-39.0667,174.0833,16.42,100,100,4.51,NZ,1683385513
127,salalah,17.0151,54.0924,29.05,79,20,3.6,OM,1683385514
128,laminusa,5.5549,120.9136,28.49,76,100,2.07,PH,1683385514
129,port macquarie,-31.4333,152.9167,12.16,78,98,2.3,AU,1683385515
130,ujae,8.9322,165.7642,27.67,81,81,8.8,MH,1683385516
131,cartagena del chaira,1.3349,-74.8429,25.03,92,100,1.35,CO,1683385517
132,talnakh,69.4865,88.3972,-16.17,98,26,2.45,RU,1683385517
133,hobyo,5.3505,48.5268,28.74,75,100,9.88,SO,1683385518
134,saipan,15.1355,145.701,27.39,100,75,5.81,MP,1683385519
135,brisas de zicatela,15.8369,-97.0419,34.29,59,0,0.0,MX,1683385519
136,sitka,57.0531,-135.33,5.94,81,40,0.0,US,1683385520
137,uturoa,-16.7333,-151.4333,27.51,79,100,8.87,PF,1683385521
138,ancud,-41.8697,-73.8203,12.52,82,14,0.76,CL,1683385522
139,bremen,53.0752,8.8078,18.88,69,75,4.12,DE,1683385523
140,isafjordur,66.0755,-23.124,6.02,93,100,3.09,IS,1683385524
141,anna regina,7.2644,-58.5077,27.85,73,85,4.2,GY,1683385524
142,west island,-12.1568,96.8225,26.99,89,40,1.54,CC,1683385525
143,alegrete,-29.7831,-55.7919,18.91,90,100,3.22,BR,1683385526
144,keflavik,64.0049,-22.5624,11.95,66,75,5.14,IS,1683385527
145,college,64.8569,-147.8028,4.89,64,75,1.54,US,1683385527
146,pacific grove,36.6177,-121.9166,12.23,82,100,3.13,US,1683385529
147,verkhnevilyuysk,63.4453,120.3167,1.22,97,100,4.87,RU,1683385530
148,sambava,-14.2667,50.1667,25.69,78,0,5.19,MG,1683385530
149,port saint john's,-31.6229,29.5448,21.03,80,94,4.16,ZA,1683385531
150,atar,20.5169,-13.0499,37.26,11,0,5.57,MR,1683385532
151,cooper's town,26.8667,-77.5167,24.38,78,11,6.46,BS,1683385533
152,lompoc,34.6391,-120.4579,12.14,86,0,5.36,US,1683385448
153,eqbaliyeh,35.3022,51.5358,29.52,11,2,1.6,IR,1683385534
154,codrington,-38.2667,141.9667,7.87,76,76,4.46,AU,1683385534
155,swift current,50.2834,-107.8014,8.45,71,0,7.72,CA,1683385535
156,petropavlovsk-kamchatsky,53.0452,158.6483,-0.67,100,75,1.0,RU,1683385536
157,pisco,-13.7,-76.2167,22.03,78,100,1.03,PE,1683385536
158,san pedro,14.35,121.0167,29.64,79,20,2.57,PH,1683385537
159,roma,43.2128,-75.4557,17.07,66,4,1.34,US,1683385537
160,bagula,23.3167,88.65,29.58,62,0,5.14,IN,1683385538
161,chibougamau,49.9168,-74.3659,14.79,41,0,4.12,CA,1683385538
162,ilha de mocambique,-15.0342,40.7358,26.05,67,0,5.54,MZ,1683385539
163,mount gambier,-37.8333,140.7667,5.6,88,16,2.36,AU,1683385539
164,awjilah,29.1081,21.2869,26.6,29,4,5.32,LY,1683385408
165,wolmaransstad,-27.1974,25.9831,23.12,35,94,3.84,ZA,1683385541
166,maffra,-37.9667,146.9833,5.79,92,100,2.21,AU,1683385541
167,port alfred,-33.5906,26.891,19.54,85,48,2.24,ZA,1683385542
168,borogontsy,62.6683,131.1683,2.0,98,100,3.95,RU,1683385542
169,alice springs,-23.7,133.8833,12.75,54,100,4.72,AU,1683385353
170,sortavala,61.7053,30.6918,5.23,61,100,3.19,RU,1683385543
171,masuguru,-11.3667,38.4167,26.32,60,100,1.18,TZ,1683385544
172,fale old settlement,-9.3852,-171.2468,29.01,72,2,6.03,TK,1683385545
173,iskateley,67.6803,53.1512,-4.5,86,88,3.31,RU,1683385545
174,suva,-18.1416,178.4415,23.71,94,40,0.0,FJ,1683385546
175,saint-francois,46.4154,3.9054,23.87,48,0,2.06,FR,1683385547
176,enewetak,11.3474,162.3373,27.42,82,48,8.42,MH,1683385547
177,borovskoy,53.8,64.15,19.39,29,6,3.72,KZ,1683385548
178,alpine,32.835,-116.7664,12.77,86,21,0.99,US,1683385549
179,al khums,32.6486,14.2619,21.8,61,2,6.63,LY,1683385550
180,shakawe,-18.3667,21.85,32.02,15,25,2.95,BW,1683385550
181,afaahiti,-17.75,-149.2833,24.48,81,85,8.03,PF,1683385551
182,san patricio,28.017,-97.5169,28.26,72,45,7.74,US,1683385551
183,prairie view,30.0933,-95.9877,28.06,89,94,5.22,US,1683385552
184,ulan bator,47.9077,106.8832,0.07,43,0,0.0,MN,1683385332
185,colonia menno,-22.3667,-59.8167,16.62,91,100,2.17,PY,1683385553
186,floro,61.5996,5.0328,12.98,26,0,1.54,NO,1683385401
187,yuzhno-kurilsk,44.0306,145.8556,1.37,84,100,2.64,RU,1683385554
188,margate,51.3813,1.3862,14.06,82,100,4.47,GB,1683385296
189,hawaiian paradise park,19.5933,-154.9731,20.73,90,100,0.0,US,1683385555
190,kapa'a,22.0752,-159.319,23.18,81,100,6.69,US,1683385556
191,la rinconada,37.4873,-5.9826,31.74,25,0,5.66,ES,1683385558
192,linyi,35.0631,118.3428,14.52,60,100,4.8,CN,1683385558
193,viqueque,-8.8673,126.3658,24.84,92,98,1.37,TL,1683385559
194,prado,-17.3411,-39.2208,28.4,58,11,4.36,BR,1683385559
195,saint-mandrier-sur-mer,43.078,5.929,20.92,73,0,3.09,FR,1683385560
196,vorgashor,67.5833,63.95,-8.57,94,70,3.2,RU,1683385562
197,constantia,44.1833,28.65,17.61,69,23,7.85,RO,1683385443
198,margaret river,-33.95,115.0667,16.26,55,97,4.9,AU,1683385563
199,fortaleza,-3.7227,-38.5247,31.07,62,40,9.26,BR,1683385503
200,par,50.3539,-4.7109,17.49,84,85,4.56,GB,1683385565
201,eduardo castex,-35.915,-64.2945,17.88,35,99,3.46,AR,1683385566
202,gislaved,57.3044,13.5408,13.39,23,27,0.89,SE,1683385567
203,jiangyou,31.7667,104.7167,20.87,61,100,1.21,CN,1683385568
204,eraan,9.0629,117.7016,25.14,83,100,4.49,PH,1683385568
205,manicore,-5.8092,-61.3003,26.97,83,40,2.57,BR,1683385569
206,queenstown,-31.8976,26.8753,21.81,37,98,8.53,ZA,1683385570
207,la passe,45.5549,-0.8967,26.13,80,100,5.29,FR,1683385571
208,lata,40.1629,-8.3327,22.82,51,73,4.62,PT,1683385572
209,sao vicente,-23.9631,-46.3919,27.98,69,0,1.03,BR,1683385573
210,fort st. john,56.2499,-120.8529,12.94,38,100,8.23,CA,1683385573
211,pathein,16.7833,94.7333,29.1,75,3,5.5,MM,1683385574
212,tekoh,20.75,-89.4667,29.99,45,100,4.04,MX,1683385575
213,carnarvon,-24.8667,113.6333,22.43,69,19,5.6,AU,1683385576
214,tual,-5.6667,132.75,28.25,78,87,4.92,ID,1683385576
215,lillesand,58.2488,8.3778,10.19,49,40,5.66,NO,1683385577
216,sitangkai,4.6628,119.3928,28.43,77,95,1.45,PH,1683385578
217,gadzhiyevo,69.2551,33.3362,1.51,97,100,3.14,RU,1683385401
218,la mira,18.035,-102.3266,30.02,53,6,0.79,MX,1683385579
219,bayganin,48.6947,55.8742,18.89,28,100,2.54,KZ,1683385580
220,borodulikha,50.7184,80.9295,15.86,47,2,3.12,KZ,1683385581
221,zaozersk,69.4005,32.4476,1.82,95,99,4.12,RU,1683385582
222,fuerte olimpo,-21.0415,-57.8738,27.86,60,99,1.0,PY,1683385582
223,erdenet,49.0333,104.0833,7.21,27,82,0.68,MN,1683385583
224,stanley,54.868,-1.6985,17.63,76,40,4.12,GB,1683385294
225,uttar char fasson,22.2332,90.7132,29.83,70,38,3.95,BD,1683385585
226,moundou,8.5667,16.0833,39.38,18,41,3.37,TD,1683385585
227,myskhako,44.6714,37.7433,19.9,64,98,1.59,RU,1683385586
228,kharp,66.8014,65.8081,-4.95,92,100,3.06,RU,1683385587
229,hermanus,-34.4187,19.2345,19.89,71,91,5.85,ZA,1683385588
230,geraldton,-28.7667,114.6,17.23,88,100,4.12,AU,1683385588
231,tazacorte,28.629,-17.9293,23.97,72,20,8.75,ES,1683385589
232,benguela,-12.5763,13.4055,28.93,69,12,4.7,AO,1683385590
233,ishigaki,24.3448,124.1572,26.07,94,100,3.09,JP,1683385591
234,sinabang,2.4803,96.3801,25.91,89,100,6.63,ID,1683385592
235,tomatlan,19.9333,-105.25,31.03,30,12,1.37,MX,1683385593
236,chegdomyn,51.1167,133.0167,3.13,80,63,0.84,RU,1683385594
237,tongchuanshi,35.0806,109.0897,9.8,92,100,2.75,CN,1683385594
238,al wakrah,24.85,51.3333,30.36,26,0,3.11,QA,1683385408
239,kincardine,56.0667,-3.7167,15.31,84,100,3.64,GB,1683385596
240,east london,-33.0153,27.9116,20.52,77,0,8.23,ZA,1683385596
241,daru,-9.0763,143.2092,25.95,90,99,4.12,PG,1683385597
242,winslow,35.0242,-110.6974,11.1,37,0,3.6,US,1683385569
243,acarau,-2.8856,-40.12,29.68,66,20,5.97,BR,1683385598
244,flin flon,54.7682,-101.865,7.91,61,75,2.06,CA,1683385598
245,boca chica,18.4537,-69.6111,30.06,62,40,3.09,DO,1683385599
246,matoury,4.8483,-52.3317,29.98,70,75,7.2,GF,1683385599
247,la sarre,48.8002,-79.1996,15.63,43,33,1.46,CA,1683385600
248,samarinda,-0.5,117.15,24.42,98,100,0.71,ID,1683385600
249,nueva gerona,21.8833,-82.8,29.31,64,20,4.76,CU,1683385601
250,fuding,27.3273,120.214,20.49,99,100,1.22,CN,1683385601
251,lorengau,-2.0226,147.2712,27.27,82,35,1.88,PG,1683385602
252,cuatro cienegas de carranza,26.9833,-102.0833,31.52,10,83,1.0,MX,1683385603
253,grand-bourg,15.8835,-61.3148,29.97,68,5,7.03,GP,1683385603
254,nova sintra,14.8667,-24.7167,20.02,79,8,12.32,CV,1683385604
255,tofol,5.3248,163.0078,28.34,81,36,6.42,FM,1683385604
256,lebu,-37.6167,-73.65,13.77,83,32,6.66,CL,1683385605
257,wajir,1.7471,40.0573,32.98,49,40,2.57,KE,1683385345
258,posto fiscal rolim de moura,-13.0833,-62.2667,29.9,62,49,1.48,BR,1683385606
259,pindushi,62.9152,34.58,3.95,52,97,3.68,RU,1683385606
260,tolanaro,-25.0319,46.9987,23.53,82,30,5.69,MG,1683385607
261,luderitz,-26.6481,15.1594,17.21,72,0,7.17,NA,1683385608
262,makushino,55.2103,67.2442,19.34,25,2,3.26,RU,1683385608
263,ust-nera,64.5667,143.2,-7.43,80,99,2.73,RU,1683385609
264,le coteau,46.0271,4.0869,25.32,55,71,1.06,FR,1683385609
265,kilkis,40.9919,22.8708,18.03,58,89,3.63,GR,1683385610
266,nagtipunan,16.2167,121.6,22.59,84,11,1.29,PH,1683385610
267,ardabil,38.2498,48.2933,16.75,63,40,7.2,IR,1683385611
268,ouesso,1.6136,16.0517,26.85,78,100,3.54,CG,1683385611
269,bardai,11.65,7.2333,38.38,14,62,4.41,NG,1683385612
270,kailua-kona,19.6406,-155.9956,22.98,82,0,2.24,US,1683385613
271,sabang,5.8933,95.3214,27.92,80,100,8.83,ID,1683385613
272,berezovyy,51.6667,135.7,4.25,81,35,1.34,RU,1683385614
273,portland,45.5234,-122.6762,12.19,91,75,1.34,US,1683384907
274,jimena de la frontera,36.4352,-5.4539,26.15,25,1,4.74,ES,1683385617
275,formosa do rio preto,-11.0483,-45.1931,32.69,34,5,3.2,BR,1683385617
276,esmeralda,21.8525,-78.1169,30.38,58,14,3.61,CU,1683385618
277,tindouf,27.6711,-8.1474,35.04,12,4,6.38,DZ,1683385619
278,hithadhoo,-0.6,73.0833,28.27,77,100,8.12,MV,1683385367
279,surovikino,48.6078,42.8486,15.74,69,71,7.4,RU,1683385620
280,olivenza,38.6832,-7.103,26.48,41,66,5.26,ES,1683385620
281,crane,31.3974,-102.3501,23.87,60,100,3.56,US,1683385621
282,antsiranana,-12.2787,49.2917,25.54,77,0,5.48,MG,1683385621
283,mitu,1.1983,-70.1733,30.11,65,39,1.09,CO,1683385622
284,mili,6.0815,171.735,27.85,81,80,5.23,MH,1683385623
285,oranjestad,12.524,-70.027,29.97,66,75,12.35,AW,1683385624
286,arauca,7.0847,-70.7591,29.0,61,99,3.09,CO,1683385626
287,callao,-12.0667,-77.15,25.95,73,100,5.66,PE,1683385626
288,pandan,14.0453,124.1694,26.46,89,24,2.49,PH,1683385628
289,kataysk,56.289,62.5841,19.29,30,86,4.34,RU,1683385630
290,kargasok,59.0556,80.8572,12.77,76,39,4.25,RU,1683385631
291,challapalle,16.1167,80.9333,27.08,75,27,3.35,IN,1683385632
292,hrubieszow,50.805,23.8925,11.48,70,100,6.48,PL,1683385632
293,thurso,58.5927,-3.5259,9.14,87,47,10.12,GB,1683385633
294,jiangzi,28.95,89.6333,5.86,39,84,3.97,CN,1683385634
295,saguenay,48.4168,-71.0657,19.49,44,29,2.24,CA,1683385635
296,namibe,-15.1961,12.1522,24.13,75,9,5.4,AO,1683385636
297,cam ranh,11.9214,109.1591,31.98,66,0,4.12,VN,1683385637
298,lycksele,64.5954,18.6735,11.93,20,67,2.57,SE,1683385372
299,i-n-salah,27.1935,2.4607,42.09,4,92,3.13,DZ,1683385638
300,rancho palos verdes,33.7445,-118.387,15.83,83,40,1.34,US,1683385639
301,mejit,10.2753,170.8646,27.28,78,18,8.18,MH,1683385640
302,happy valley-goose bay,53.3168,-60.3315,7.53,42,47,1.68,CA,1683385641
303,edd,13.9297,41.6925,32.56,64,24,4.14,ER,1683385642
304,ca mau,9.1769,105.15,28.63,75,100,2.53,VN,1683385634
305,jiazi,22.8779,116.067,26.08,89,11,5.69,CN,1683385643
306,bullsbrook,-31.6667,116.0,16.0,77,40,6.17,AU,1683385644
307,nadi,-17.8,177.4167,23.0,94,75,5.14,FJ,1683385644
308,uliastay,47.7417,96.8444,5.59,82,100,0.78,MN,1683385645
309,tazovsky,67.4667,78.7,-6.37,95,100,3.29,RU,1683385646
310,batangafo,7.3008,18.2833,33.74,36,90,3.21,CF,1683385647
311,quiberon,47.4841,-3.1196,17.78,86,100,2.24,FR,1683385648
312,wattegama,6.7989,81.4808,24.59,89,100,1.05,LK,1683385649
313,hilo,19.7297,-155.09,20.85,92,100,1.34,US,1683385650
314,yuncheng,35.0231,110.9928,12.01,86,100,1.33,CN,1683385650
315,chui,-33.6971,-53.4616,19.42,96,100,3.6,UY,1683385651
316,beinamar,8.6698,15.3813,38.63,18,86,2.93,TD,1683385652
317,port pirie,-33.1833,138.0167,10.34,64,40,2.73,AU,1683385653
318,bluffton,32.2371,-80.8604,22.19,82,75,1.54,US,1683385654
319,kargat,55.1956,80.2811,17.91,26,48,1.36,RU,1683385654
320,harstad,68.799,16.5293,6.66,70,78,4.92,NO,1683385655
321,ambovombe,-25.1667,46.0833,23.1,80,54,5.38,MG,1683385655
322,irymple,-34.25,142.1667,5.05,79,4,4.63,AU,1683385656
323,nar'yan-mar,67.6713,53.087,-4.35,86,91,3.39,RU,1683385657
324,aljezur,37.3191,-8.8033,21.1,65,12,5.32,PT,1683385657
325,tanaina,61.6269,-149.4281,4.32,83,100,2.06,US,1683385658
326,xapuri,-10.6517,-68.5044,29.14,66,70,1.36,BR,1683385658
327,palmeira das missoes,-27.8994,-53.3136,23.84,77,95,4.55,BR,1683385430
328,saurimo,-9.6608,20.3916,28.02,50,57,1.06,AO,1683385659
329,freetown,8.484,-13.2299,29.33,69,98,3.53,SL,1683385660
330,kingscliff,-28.2667,153.5667,15.96,94,78,1.03,AU,1683385425
331,obo,5.3998,26.4869,24.76,73,100,3.27,CF,1683385661
332,ji'an,27.1172,114.9793,19.19,93,100,4.31,CN,1683385662
333,middelfart,55.5059,9.7305,9.59,83,100,9.3,DK,1683385663
334,tibagi,-24.5094,-50.4136,25.89,60,100,1.57,BR,1683385664
335,cambria,35.5641,-121.0808,10.97,93,74,0.62,US,1683385633
336,galveston,29.3669,-94.9669,28.43,87,75,6.17,US,1683385665
337,isangel,-19.55,169.2667,25.1,86,5,1.53,VU,1683385666
338,dunedin,-45.8742,170.5036,12.67,99,0,4.02,NZ,1683385666
339,aasiaat,68.7098,-52.8699,-1.29,89,100,1.62,GL,1683385667
340,scottburgh,-30.2867,30.7532,25.0,73,53,4.08,ZA,1683385668
341,sarina,-21.4333,149.2167,21.26,63,85,3.15,AU,1683385668
342,kalmunai,7.4167,81.8167,26.48,81,100,3.66,LK,1683385669
343,leua,48.2156,18.6071,21.94,71,95,3.46,SK,1683385669
344,araripina,-7.5761,-40.4983,28.68,52,57,4.35,BR,1683385579
345,dalandzadgad,43.5708,104.425,11.88,27,65,5.85,MN,1683385670
346,sertaozinho,-21.1378,-47.9903,29.06,46,68,1.65,BR,1683385609
347,buala,-8.145,159.5921,26.89,84,80,2.75,SB,1683385671
348,amga,60.8953,131.9608,1.82,97,100,2.44,RU,1683385672
349,gao,16.6362,1.637,40.94,12,57,0.94,ML,1683385672
350,pariaman,-0.619,100.12,25.03,97,100,5.89,ID,1683385673
351,udachny,66.4167,112.4,-5.5,90,100,8.7,RU,1683385673
352,levuka,50.1834,-105.4011,10.7,67,47,6.66,CA,1683385674
353,port moresby,-9.4431,147.1797,25.24,91,100,1.35,PG,1683385675
354,bamboo flat,11.7,92.7167,29.69,70,100,1.11,IN,1683385675
355,praya,14.9215,-23.5087,27.3,54,20,12.35,CV,1683385580
356,qamdo,31.1667,97.2333,2.9,57,79,3.06,CN,1683385517
357,amursk,50.2261,136.8994,5.97,64,13,1.32,RU,1683385677
358,puerto baquerizo moreno,-0.9,-89.6,27.55,89,40,5.14,EC,1683385678
359,montivilliers,49.5452,0.1877,18.53,82,100,4.12,FR,1683385678
360,calca,-13.3333,-71.95,15.64,67,94,1.77,PE,1683385679
361,penzance,50.1186,-5.5371,16.38,88,92,4.27,GB,1683385679
362,vallenar,-28.5708,-70.7581,18.37,44,38,1.52,CL,1683385680
363,hetauda,27.4284,85.0322,28.21,38,0,2.09,NP,1683385681
364,drayton valley,53.2168,-114.9854,9.58,68,2,6.99,CA,1683385681
365,benjamin constant,-4.3831,-70.0311,25.07,100,100,2.57,BR,1683385682
366,zyryanskoye,56.8306,86.6258,10.88,92,87,3.16,RU,1683385683
367,deqen,29.9618,90.7188,8.17,25,66,1.86,CN,1683385517
368,dhuusamarreeb,5.535,46.3861,32.0,45,100,6.15,SO,1683385685
369,puerto armuelles,8.2833,-82.8667,31.99,57,65,0.7,PA,1683385687
370,banamba,13.55,-7.45,38.47,19,90,2.78,ML,1683385687
371,karabash,55.4808,60.2157,16.58,33,93,2.46,RU,1683385688
372,egilsstadir,65.2653,-14.3948,12.11,71,93,3.69,IS,1683385689
373,san luis ixcan,15.7872,-91.095,29.52,54,100,1.8,GT,1683385690
374,mikuni,36.2171,136.1519,19.95,92,100,4.35,JP,1683385597
375,kralendijk,12.15,-68.2667,28.99,70,75,9.26,BQ,1683385691
376,al hazm,16.1641,44.7769,32.71,29,53,5.88,YE,1683385692
377,ust-tsilma,65.441,52.1498,-1.53,91,100,4.01,RU,1683385692
378,lubango,-14.9172,13.4925,19.87,70,88,2.2,AO,1683385693
379,la'ie,21.6477,-157.9253,23.67,78,25,1.79,US,1683385694
380,calvinia,-31.4707,19.776,17.41,28,2,4.43,ZA,1683385694
381,jaicos,-7.3592,-41.1378,33.69,37,63,3.91,BR,1683385695
382,huangnihe,43.5583,128.0239,6.65,47,13,0.86,CN,1683385529
383,selkirk,50.1436,-96.8845,10.61,63,25,6.05,CA,1683385697
384,hailey,43.5196,-114.3153,4.33,81,100,1.34,US,1683385486
385,melekeok village,7.4957,134.6367,25.31,94,75,2.06,PW,1683385698
386,san vicente de canete,-13.0751,-76.3835,22.94,79,65,2.48,PE,1683385699
387,port douglas,-16.4833,145.4667,23.85,88,62,4.12,AU,1683385700
388,taoudenni,22.6783,-3.9836,43.89,3,39,1.59,ML,1683385701
389,port blair,11.6667,92.75,29.7,70,100,1.25,IN,1683385701
390,yasuj,30.6682,51.588,22.75,13,0,4.12,IR,1683385702
391,palmer,42.1584,-72.3287,20.65,43,40,4.63,US,1683385703
392,broome,42.2506,-75.833,17.27,55,0,4.12,US,1683385704
393,ambodifotatra,-16.9833,49.85,25.67,79,3,4.17,MG,1683385655
394,chingirlau,51.095,54.0814,20.13,32,3,2.32,KZ,1683385706
395,nema,57.5067,50.5011,5.31,80,100,3.06,RU,1683385706
396,chania,35.5122,24.0156,18.78,72,40,5.14,GR,1683385707
397,dawson creek,55.7666,-120.2362,14.21,38,0,8.23,CA,1683385708
398,balabac,7.9868,117.0645,26.25,78,100,3.73,PH,1683385709
399,robore,-18.3333,-59.75,26.31,58,76,1.16,BO,1683385710
400,tocache,-8.1842,-76.5125,23.44,90,91,0.66,PE,1683385711
401,kone,-21.0595,164.8658,20.6,90,9,1.4,NC,1683385712
402,melfort,52.8667,-104.6177,8.16,71,98,4.55,CA,1683385712
403,bull savanna,17.8868,-77.5902,28.99,57,17,1.61,JM,1683385713
404,porto novo,6.4965,2.6036,31.7,56,36,5.03,BJ,1683385713
405,garoua boulai,5.8833,14.55,26.94,62,100,0.77,CM,1683385714
406,santa cruz,-17.8,-63.1667,17.03,94,75,6.17,BO,1683385715
407,balad,34.0164,44.1453,34.88,7,2,4.63,IQ,1683385715
408,westport,41.1415,-73.3579,19.82,45,0,4.63,US,1683385716
409,kapuskasing,49.4169,-82.4331,14.82,53,34,1.92,CA,1683385716
410,lloydminster,53.2835,-110.0016,9.76,61,7,7.07,CA,1683385667
411,kathu,7.9178,98.3332,29.9,80,99,5.46,TH,1683385717
412,santana,-0.0583,-51.1817,32.1,70,40,5.14,BR,1683385525
413,tadine,-21.55,167.8833,24.02,84,36,5.08,NC,1683385718
414,valparaiso,-33.0393,-71.6273,16.11,88,100,2.57,CL,1683385719
415,puerto deseado,-47.7503,-65.8938,15.2,52,52,7.33,AR,1683385719
416,cole harbour,44.6724,-63.4751,17.12,40,45,4.11,CA,1683385720
417,kemin,42.7846,75.6892,7.53,49,1,3.12,KG,1683385720
418,takoradi,4.8845,-1.7554,30.41,66,99,5.12,GH,1683385721
419,guozhen,34.3659,107.359,12.1,98,100,2.14,CN,1683385721
420,jayapura,-2.5333,140.7,26.66,87,96,0.21,ID,1683385722
421,rongelap,11.1635,166.8941,27.33,74,69,8.71,MH,1683385722
422,swan hill,-35.3378,143.5544,7.09,68,7,4.2,AU,1683385723
423,trenggalek,-8.05,111.7167,25.06,95,100,1.15,ID,1683385724
424,mkushi,-13.6202,29.3939,20.99,45,1,3.43,ZM,1683385725
425,victorica,-36.2151,-65.4359,19.23,28,99,4.66,AR,1683385725
426,mo i rana,66.3128,14.1428,9.26,42,20,3.13,NO,1683385605
427,sisimiut,66.9395,-53.6735,-0.13,96,100,4.17,GL,1683385726
428,novo aripuana,-5.1206,-60.3797,27.24,91,48,2.19,BR,1683385727
429,bengkulu,-3.8004,102.2655,25.16,90,100,3.3,ID,1683385727
430,ajax,43.8501,-79.0329,18.18,45,0,2.57,CA,1683385728
431,fereydunshahr,32.941,50.121,15.87,21,0,2.64,IR,1683385728
432,nadym,65.5333,72.5167,-0.48,87,100,3.83,RU,1683385729
433,pierre,44.3683,-100.351,12.51,93,100,6.17,US,1683385479
434,parfino,57.9731,31.6481,7.2,34,81,3.24,RU,1683385730
435,shimoda,34.6667,138.95,20.61,84,100,7.85,JP,1683385605
436,yeppoon,-23.1333,150.7333,17.88,71,98,3.19,AU,1683385731
437,jolalpan,18.325,-98.8417,31.67,36,48,0.38,MX,1683385732
438,ulladulla,-35.35,150.4667,5.98,80,68,2.92,AU,1683385733
439,kill devil hills,36.0307,-75.676,18.32,55,0,3.6,US,1683385641
440,coronel dorrego,-38.7187,-61.2873,18.45,33,99,4.29,AR,1683385734
441,sovetskiy,61.3614,63.5842,16.04,36,100,3.86,RU,1683385735
442,brooks,50.5834,-111.8851,9.46,77,100,3.6,CA,1683385210
443,byron bay,-28.65,153.6167,17.69,79,79,3.94,AU,1683385646
444,paracuru,-3.41,-39.0306,30.06,63,48,5.86,BR,1683385641
445,katsuura,35.1333,140.3,20.74,78,95,13.19,JP,1683385737
446,lingyuan,41.24,119.4011,13.71,31,100,1.7,CN,1683385738
447,plastun,44.7561,136.2939,3.3,74,12,1.28,RU,1683385738
448,bonthe,7.5264,-12.505,31.93,60,97,5.36,SL,1683385739
449,gizo,-8.103,156.8419,28.09,78,86,3.39,SB,1683385739
450,nahrin,36.0649,69.1334,12.1,74,87,1.19,AF,1683385465
451,saudarkrokur,65.7461,-19.6394,7.8,78,100,1.77,IS,1683385740
452,saldanha,-33.0117,17.9442,17.67,75,56,3.51,ZA,1683385741
453,sawakin,19.1059,37.3321,32.18,42,79,3.84,SD,1683385742
454,zemio,5.0314,25.1361,29.7,46,99,4.43,CF,1683385742
455,pyapon,16.2833,95.6833,30.76,61,6,6.57,MM,1683385743
456,ulanhot,46.0833,122.0833,10.97,55,100,1.3,CN,1683385745
457,nosy varika,-20.5833,48.5333,24.08,81,5,2.76,MG,1683385599
458,vizinga,61.0749,50.1031,5.6,88,100,2.41,RU,1683385746
459,willowmore,-33.2926,23.4895,19.27,34,96,5.81,ZA,1683385747
460,olonets,60.9847,32.9698,4.77,58,100,3.74,RU,1683385748
461,fiambala,-27.6871,-67.6149,13.87,40,0,1.15,AR,1683385748
462,georgetown,5.4112,100.3354,28.97,84,20,1.54,MY,1683385563
463,kununurra,-15.7667,128.7333,21.99,78,8,0.51,AU,1683385750
464,tharangambadi,11.0319,79.8528,27.32,81,100,1.56,IN,1683385751
465,katabu,-4.9333,122.5167,24.69,93,82,1.13,ID,1683385751
466,labrador city,52.9463,-66.9114,11.56,52,66,5.71,CA,1683385752
467,port hedland,-20.3167,118.5667,26.03,27,100,4.12,AU,1683385754
468,mokpo,34.7936,126.3886,13.68,84,100,6.14,KR,1683385754
469,mogocha,53.7333,119.7667,2.87,51,4,1.31,RU,1683385755
470,sierra vista,31.5545,-110.3037,17.84,28,0,2.06,US,1683385756
471,paradip garh,20.3167,86.6167,29.23,80,11,5.36,IN,1683385757
472,oranjemund,-28.55,16.4333,15.8,80,12,5.15,NA,1683385758
473,richmond,37.5538,-77.4603,22.35,51,40,2.06,US,1683385367
474,touros,-5.1989,-35.4608,30.15,64,42,6.99,BR,1683385703
475,kapsan-up,41.0903,128.2933,6.18,86,40,1.38,KP,1683385760
476,al mijlad,11.0333,27.7333,40.22,12,30,2.12,SD,1683385760
477,kerikeri,-35.2268,173.9474,16.91,93,100,3.48,NZ,1683385761
478,basco,20.4487,121.9702,27.93,84,14,8.72,PH,1683385762
479,kamakhyanagar,20.9333,85.55,31.49,55,71,5.09,IN,1683385762
480,papao,-17.75,-149.55,25.37,78,95,8.89,PF,1683385763
481,tubarjal,30.4999,38.216,31.12,15,0,6.25,SA,1683385764
482,zhanaozen,43.3,52.8,21.47,27,7,2.67,KZ,1683385765
483,melilla,35.2937,-2.9383,25.21,47,0,5.14,ES,1683385765
484,sur,22.5667,59.5289,29.59,57,3,1.06,OM,1683385766
485,itaituba,-4.2761,-55.9836,31.26,59,95,1.9,BR,1683385767
486,funafuti,-8.5243,179.1942,28.0,89,75,3.6,TV,1683385767
487,marica,-22.9194,-42.8186,26.97,72,1,2.4,BR,1683385581
488,apatity,67.5641,33.4031,2.37,85,54,1.85,RU,1683385769
489,ellore,16.7,81.1,27.05,71,35,3.09,IN,1683385770
490,luganville,-15.5333,167.1667,25.65,85,11,1.24,VU,1683385771
491,richards bay,-28.783,32.0377,25.18,72,5,6.1,ZA,1683385772
492,arenapolis,-14.4503,-56.8461,29.93,54,87,1.12,BR,1683385610
493,tura,25.5198,90.2201,24.56,52,2,1.93,IN,1683385773
494,hagere hiywet,8.9833,37.85,14.67,93,92,2.32,ET,1683385774
495,hotan,37.0997,79.9269,14.99,18,100,4.49,CN,1683385774
496,vadso,70.0744,29.7487,7.49,56,84,4.63,NO,1683385775
497,tawau,4.2498,117.8871,26.46,87,100,1.3,MY,1683385689
498,laguna,38.421,-121.4238,11.99,93,100,3.6,US,1683385776
499,brookings,44.3114,-96.7984,15.1,95,100,6.69,US,1683385776
500,tarimoro,20.2833,-100.75,25.61,32,0,0.68,MX,1683385777
501,salaqi,40.5414,110.5108,11.47,47,100,1.91,CN,1683385778
502,olinda,-8.0089,-34.8553,29.85,62,40,4.63,BR,1683385778
503,filadelfia,39.9523,-75.1638,19.87,52,20,3.09,US,1683385776
504,priargunsk,50.3691,119.1012,8.71,30,36,2.23,RU,1683385779
505,stornoway,58.2093,-6.3865,13.91,81,40,2.06,GB,1683385780
506,laranjal paulista,-23.0497,-47.8367,25.27,67,72,2.47,BR,1683385781
507,auki,-8.7676,160.7034,25.6,89,56,1.75,SB,1683385781
508,korla,41.7597,86.1469,6.29,62,67,2.42,CN,1683385782
509,goshen,41.5823,-85.8344,17.49,62,100,6.45,US,1683385583
510,faxinal,-24.0003,-51.3194,24.92,59,100,1.36,BR,1683385783
511,forster,-32.1667,152.5167,9.65,99,100,2.27,AU,1683385783
512,ola,59.5833,151.2833,-0.22,87,33,0.81,RU,1683385784
513,bathsheba,13.2167,-59.5167,30.34,66,20,7.2,BB,1683385785
514,ibshaway,29.358,30.6814,27.86,25,3,8.52,EG,1683385785
515,mournies,35.4764,24.0092,21.02,72,40,5.14,GR,1683385786
516,thunder bay,48.4001,-89.3168,5.95,93,100,5.66,CA,1683385692
517,orsa,54.5153,30.4053,7.83,37,98,2.47,BY,1683385787
518,fisterra,42.9049,-9.2629,20.01,87,2,4.02,ES,1683385788
519,el calafate,-50.3408,-72.2768,7.99,71,22,4.89,AR,1683385789
520,kenai,60.5544,-151.2583,3.94,87,100,1.54,US,1683385773
521,saiha,22.4833,92.9667,23.27,70,20,0.32,IN,1683385790
522,tralee,52.2704,-9.7026,17.14,72,75,2.57,IE,1683385791
523,acajutla,13.5928,-89.8275,31.45,53,44,2.07,SV,1683385791
524,antofagasta,-23.65,-70.4,17.6,63,3,3.34,CL,1683385669
525,zheleznodorozhnyy,55.7503,38.0042,6.31,37,100,4.92,RU,1683385792
526,lethem,3.3803,-59.7968,28.3,68,98,5.69,GY,1683385793
527,toliara,-23.35,43.6667,23.57,72,40,3.67,MG,1683385741
528,tyre,33.2733,35.1939,24.75,68,1,1.94,LB,1683385794
529,neiafu,-18.65,-173.9833,24.38,94,20,0.0,TO,1683385794
530,petatlan,17.5167,-101.2667,29.89,48,38,1.48,MX,1683385795
531,flying fish cove,-10.4217,105.6791,26.82,89,75,3.6,CX,1683385796
532,vila velha,-20.3297,-40.2925,25.53,80,40,3.6,BR,1683385658
533,qui nhon,13.7667,109.2333,27.89,90,100,4.29,VN,1683385797
534,sobral,-3.6861,-40.3497,30.61,57,41,3.16,BR,1683385797
535,simanggang,1.2472,111.4528,24.37,98,96,0.42,MY,1683385798
536,moose jaw,50.4001,-105.5344,11.07,65,25,6.52,CA,1683385798
537,ternate,0.8,127.4,28.08,79,80,1.72,ID,1683385799
538,araguaina,-7.1911,-48.2072,30.27,62,52,3.49,BR,1683385799
539,bowen,-20.0167,148.2333,22.38,72,25,4.24,AU,1683385800
540,choyr,46.3611,108.3611,7.88,25,64,2.94,MN,1683385801
541,yaremche,48.4583,24.5519,12.33,75,99,2.73,UA,1683385806
542,kristiansund,63.1115,7.732,13.03,32,96,3.6,NO,1683385807
543,cedeira,43.6797,-8.0209,17.76,80,21,5.34,ES,1683385808
544,novyy urengoy,66.0833,76.6333,-6.1,96,100,1.62,RU,1683385809
545,xianning,29.8833,114.2167,15.21,89,100,4.05,CN,1683385809
546,khandyga,62.6667,135.6,1.36,98,100,3.71,RU,1683385810
547,fang,19.9169,99.2145,30.9,39,55,0.95,TH,1683385811
548,kokstad,-30.5472,29.4241,21.49,41,96,2.76,ZA,1683385811
549,ponta delgada,37.7333,-25.6667,19.4,88,40,5.14,PT,1683385812
550,mikumi,-7.4041,36.9831,23.14,87,42,1.8,TZ,1683385813
551,bikenibeu village,1.3673,173.1241,27.66,82,34,3.83,KI,1683385814
552,chernyshevskiy,63.0128,112.4714,-1.64,87,74,6.07,RU,1683385815
553,ilhabela,-23.7781,-45.3581,25.7,74,75,1.94,BR,1683385816
554,big spring,32.2504,-101.4787,27.28,57,0,5.66,US,1683385817
555,yokadouma,3.5167,15.05,32.49,44,85,1.23,CM,1683385818
556,raja,8.4596,25.678,37.68,20,100,2.11,SS,1683385819
557,tamanrasset,22.785,5.5228,32.16,7,24,5.11,DZ,1683385819
558,midvagur,62.0511,-7.1939,8.46,100,100,7.72,FO,1683385820
559,padangsidempuan,1.3667,99.2667,22.87,100,99,0.7,ID,1683385821
560,petawawa,45.9001,-77.3328,17.66,42,0,2.15,CA,1683385821
561,mount pleasant,32.7941,-79.8626,23.4,60,20,4.63,US,1683385822
562,aykhal,66.0,111.5,-5.09,94,100,6.65,RU,1683385823
563,seneca falls,42.9106,-76.7966,17.06,65,0,1.44,US,1683385824
564,sao gabriel da cachoeira,-0.1303,-67.0892,32.08,53,56,1.2,BR,1683385824
565,gering,41.8258,-103.6605,14.26,81,75,0.0,US,1683385825
566,monywa,22.1167,95.1333,36.73,29,63,1.32,MM,1683385826
567,kavarna,43.4333,28.3333,19.68,72,47,8.45,BG,1683385827
568,burang,30.25,81.1667,-1.12,92,51,2.52,CN,1683385827
569,naracoorte,-36.9579,140.7383,5.43,81,6,2.58,AU,1683385828
570,childress,34.4264,-100.204,26.62,31,0,6.69,US,1683385593
571,victoria,22.2855,114.1577,29.1,85,13,4.02,HK,1683385575
572,ta`u,-14.2336,-169.5144,27.49,72,5,5.18,AS,1683385831
573,zharkent,44.1628,80.0,12.44,30,77,6.33,KZ,1683385832
574,odienne,9.51,-7.5692,39.56,18,28,3.04,CI,1683385833
575,mizdah,31.4451,12.9801,30.83,14,2,4.77,LY,1683385833
576,palu,-0.8917,119.8707,25.67,95,92,0.79,ID,1683385834
577,mundri,-6.9558,111.71,25.38,90,81,1.63,ID,1683385834
578,vila franca do campo,37.7167,-25.4333,19.23,79,100,5.18,PT,1683385701
579,beaufort west,-32.3567,22.583,22.11,17,54,5.73,ZA,1683385835
580,strezhevoy,60.7333,77.5889,11.73,79,56,3.74,RU,1683385836
581,mount pearl,47.5166,-52.7813,4.98,88,100,3.58,CA,1683385742
582,hammerfest,70.6634,23.6821,5.25,60,0,2.06,NO,1683385837
583,samraong,12.4526,105.5873,28.34,71,98,1.78,KH,1683385838
584,sechura,-5.5569,-80.8222,26.61,65,91,3.66,PE,1683385838
585,santo antonio,-6.3106,-35.4789,31.64,49,62,5.88,BR,1683385839
586,jaru,-10.4389,-62.4664,27.0,85,87,1.02,BR,1683385839
587,krasnyy chikoy,50.3643,108.7512,4.66,49,3,1.82,RU,1683385840
588,igarka,67.4667,86.5833,-6.83,88,54,2.9,RU,1683385840
589,malone,44.8487,-74.2949,17.92,53,14,3.93,US,1683385841
590,kani keli,-12.9536,45.1033,27.59,72,23,5.1,YT,1683385842
591,tarko-sale,64.9225,77.785,0.54,95,100,1.48,RU,1683385842
592,kecskemet,46.9062,19.6913,24.44,42,75,2.06,HU,1683385843
593,paredon,16.0333,-93.8667,31.17,63,100,1.71,MX,1683385843
594,genhe,50.7833,121.5167,3.52,39,18,0.87,CN,1683385844
595,waddan,29.1614,16.139,27.94,18,0,3.81,LY,1683385845
596,birjand,32.8663,59.2211,22.26,8,0,6.17,IR,1683385845
597,karratha,-20.7377,116.8463,25.64,47,88,3.11,AU,1683385846
598,katsuren-haebaru,26.3369,127.8719,25.22,88,75,3.09,JP,1683385846
599,nanao,37.05,136.9667,16.85,98,100,3.48,JP,1683385847
600,ingeniero jacobacci,-41.3427,-69.5448,12.87,45,7,1.91,AR,1683385847
601,kolonia town,6.964,158.206,28.57,78,94,5.13,FM,1683385848
602,revda,56.801,59.9303,16.45,34,100,2.52,RU,1683385849
603,gubkinskiy,64.434,76.5026,2.07,95,100,2.29,RU,1683385850
604,pavilosta,56.8879,21.1859,10.95,43,0,3.24,LV,1683385850
605,san antonio de pale,-1.4014,5.6325,28.17,75,99,3.02,GQ,1683385851
606,waimea,20.0231,-155.6717,16.92,87,98,2.24,US,1683385852
607,vydrino,51.485,104.8461,4.5,64,16,2.13,RU,1683385852
608,nouadhibou,20.931,-17.0347,23.99,57,0,10.8,MR,1683385853
609,bondo,3.8146,23.6866,35.77,29,100,0.95,CD,1683385854
610,el bolson,-41.9667,-71.5167,13.92,73,42,1.4,AR,1683385832
611,gouyave,12.1646,-61.7296,30.43,62,20,10.29,GD,1683385855
612,brandermill,37.4321,-77.6497,22.26,52,0,1.54,US,1683385855
